time,seconds_elapsed,z,y,x
1789088621220830500,0.04683056640625,-0.15585224049091337,0.12788929781019687,-0.40473088399711993
1789088621230857500,0.056857421875,0.009514847320318221,0.2404875029861927,-0.2979323415432125
1789088621240884500,0.066884521484375,0.16197393824160097,0.3914867504879832,-0.21470471735615282
1789088621250910500,0.076910400390625,0.30427637680768965,0.4514373613208532,-0.1932998728157021
1789088621260937500,0.0869375,0.46487201243340964,0.4897004564806819,-0.230013875370007
1789088621270963500,0.09696337890625,0.5415823271483182,0.5003548292249441,-0.33874844565410167
1789088621280990500,0.106990478515625,0.5705348653882741,0.45341830600500105,-0.43925161429084836
1789088621291017500,0.117017578125,0.6216939747393131,0.36380233248770233,-0.4743414497094229
1789088621301043500,0.12704345703125,0.6799100168645381,0.30867987246364353,-0.4506443112470209
1789088621311070500,0.137070556640625,0.6952168915897607,0.2661620424687862,-0.32608419439215214
1789088621321097500,0.147097412109375,0.7623083140879869,0.21397388233095407,-0.1707385334501974
1789088621331123700,0.157123779296875,0.8665501943290234,0.17140870606303213,-0.016441002454841508
1789088621341150500,0.167150390625,0.9940841028302907,0.18554186083376406,0.07798459070073441
1789088621351177500,0.177177490234375,1.0371341400057077,0.2221317620843649,0.14945789981130508
1789088621361203500,0.187203369140625,1.0015057772636413,0.16843378190547226,0.2140153833851218
1789088621371230500,0.19723046875,0.9521920035183429,0.09959814608842134,0.2168899524407461
1789088621381257500,0.207257568359375,0.8787947588741779,0.05586801769435405,0.19433590133255346
1789088621391283500,0.217283447265625,0.6717500912845135,-0.0328261648029089,0.205445781025663
1789088621401310500,0.227310546875,0.36950142091214655,-0.07733604539781809,0.20490118928756565
1789088621411336400,0.23733642578125,0.10015899484157562,-0.09837707986086607,0.1858131703221239
1789088621421363700,0.24736376953125,-0.10723813944756984,-0.05192161815613508,0.10921480981539934
1789088621431390500,0.257390380859375,-0.35238252832889555,0.039460780511796474,0.059223867460899055
1789088621441416400,0.26741650390625,-0.5709130510509014,0.13948533531874419,0.062469790579564866
1789088621451443500,0.277443359375,-0.6863187148630618,0.23124065895229576,0.07070115569429472
1789088621461470500,0.287470458984375,-0.6733657097876071,0.29207682044804095,0.028720081190951166
1789088621471496700,0.29749658203125,-0.5633920078963041,0.30077830555886026,-0.006803158942516893
1789088621481523500,0.3075234375,-0.44293549043536184,0.24018501290827987,0.03746058313790709
1789088621491550500,0.317550537109375,-0.28772973115444184,0.12872779446095228,0.12785015310989692
1789088621501576400,0.327576416015625,-0.12568915741741657,0.019559563733637333,0.216581818073336
1789088621511603500,0.337603515625,0.02914250785410404,-0.07944353907108306,0.2755239459834061
1789088621521630500,0.34763037109375,0.19558570046424864,-0.1722793514177203,0.2683835909757763
1789088621531656400,0.357656494140625,0.3386936101943254,-0.22122283054590225,0.1491770370433107
1789088621541683500,0.367683349609375,0.3765180216759443,-0.25315116972625257,0.04199587021367624
1789088621551709400,0.37770947265625,0.36127895148992534,-0.26111440369039773,-0.007479140241630375
1789088621561736700,0.38773681640625,0.28187399086356163,-0.22654811722189186,-0.036746754046436396
1789088621571763500,0.397763427734375,0.21417115846872328,-0.1678162345290184,-0.01282115885671228
1789088621581789400,0.40778955078125,0.195361244058609,-0.0762371442452073,0.05749539970047771
1789088621591816400,0.41781640625,0.1779845773220062,-0.007277882048487663,0.15673793728426097
1789088621601843500,0.427843505859375,0.12837035932540894,0.05554886874258518,0.20272737064613028
1789088621611869700,0.43786962890625,0.08920739271640778,0.10378536864519118,0.2603757872175425
1789088621621896400,0.447896484375,0.017288403931260108,0.13110066107213497,0.289316397557687
1789088621631923500,0.45792333984375,-0.05237666844725609,0.12310615518689155,0.2769084774106741
1789088621641949400,0.467949462890625,-0.10791501579582691,0.1064163016706705,0.22741017741132527
1789088621651976700,0.477976806640625,-0.10708090305924416,0.09672551326155662,0.16050662390170617
1789088621662003500,0.48800341796875,-0.04919394675791263,0.10668313591331242,0.08755648370422422
1789088621672029400,0.498029541015625,-0.09905132586061954,0.10062252070009708,0.005790675698034465
1789088621682056400,0.508056396484375,-0.16654782202839852,0.05094458981752396,-0.02815395347448066
1789088621692082400,0.51808251953125,-0.20344985796809195,0.025330840611457822,-0.0209321489947848
1789088621702110000,0.52810986328125,-0.24713877756893635,0.06310030703544617,0.051442017945647234
1789088621712137000,0.538136962890625,-0.2565139241576195,0.17507570413798093,0.14342806332884356
1789088621722163200,0.5481630859375,-0.23196166670322416,0.3012915157780051,0.16207962710577994
1789088621732190200,0.558190185546875,-0.1639075366526842,0.3677186291486025,0.14892342760842292
1789088621742217000,0.568217041015625,-0.06128010587096214,0.3178326084733009,0.11779865989591926
1789088621752243000,0.578242919921875,-0.006407528954744338,0.18207184663563966,0.08845980748580769
1789088621762270200,0.588270263671875,0.026443185767531394,0.07582359500825404,0.0858597993215546
1789088621772297200,0.598297119140625,0.0658347004354,-0.006644260320067406,0.10179313538204877
1789088621782323200,0.6083232421875,0.13236498191952706,-0.021098025347292423,0.12874850845541805
1789088621792350000,0.618349853515625,0.17536416569054125,-0.007735270427167415,0.2281043336879462
1789088621802376000,0.6283759765625,0.19632102900147436,-0.010415595552325248,0.31302056854907423
1789088621812403200,0.6384033203125,0.23253040650188922,-0.011812895129621028,0.3643150312501937
1789088621822430200,0.64843017578125,0.16940321145951748,-0.017272329579293727,0.4375278227055445
1789088621832456200,0.658456298828125,0.036892683589458464,-0.020393384209275243,0.5122178836392238
1789088621842483000,0.66848291015625,-0.029415479576587675,-0.015021628043055534,0.4929971234058961
1789088621852510200,0.67851025390625,-0.024683190357685087,-0.001954348938167095,0.42447537584360684
1789088621862536200,0.6885361328125,-0.043808162066340445,0.007842530193924904,0.34814280839990824
1789088621872563200,0.698563232421875,-0.09555237782895565,-0.02411240473240614,0.3072633201966062
1789088621882590000,0.70858984375,-0.0717255120396614,-0.0424658075466752,0.3182478747433051
1789088621892616000,0.718615966796875,-0.01198795943558216,-0.027394202882051466,0.3534848270149901
1789088621902643200,0.728643310546875,-0.05351882421970367,0.00008007949888706206,0.39781551511809227
1789088621912670200,0.738670166015625,-0.08134966495335101,0.04389671713262796,0.4144599220573902
1789088621922696200,0.7486962890625,-0.1284422555178404,0.08565759128034114,0.49697647536564615
1789088621932723000,0.758722900390625,-0.17383856355845928,0.1938233669668436,0.6178072694990784
1789088621942749000,0.7687490234375,-0.21796178292334079,0.39339375315308567,0.6964080010704696
1789088621952776200,0.778776123046875,-0.27398119178712366,0.529068590272963,0.7536657195575535
1789088621962803200,0.78880322265625,-0.28738720132708545,0.5888824229836463,0.7903616384658962
1789088621972829200,0.7988291015625,-0.21792671160995958,0.6413061454430222,0.7126577096037566
1789088621982856000,0.80885595703125,-0.08182312768399715,0.6854229350671172,0.5550401034081355
1789088621992883200,0.81888330078125,-0.036703883019089695,0.6727604373708367,0.4404254073105752
1789088622002909200,0.8289091796875,-0.03316752558648586,0.5763286463588476,0.37038229539990425
1789088622012936200,0.838936279296875,0.019230185648798942,0.48433542231619353,0.29202043235199526
1789088622022963000,0.848962890625,0.11302490615546702,0.42417935203909873,0.24959004317857322
1789088622032989000,0.858989013671875,0.1799327887803316,0.3941115460336208,0.2592923941613175
1789088622043016200,0.86901611328125,0.20572773977220057,0.3659811378315091,0.306850136285834
1789088622053042200,0.879042236328125,0.16108254235982894,0.3588090542450547,0.3909560046121478
1789088622063069200,0.889069091796875,0.15977905854582786,0.3634250236079097,0.4397670164670795
1789088622073096000,0.899095947265625,0.19817045626044272,0.39210955856144425,0.4743662188244983
1789088622083122000,0.909121826171875,0.15309505073726176,0.38750323380976914,0.4676940475841984
1789088622093149200,0.919149169921875,0.08184066334068775,0.33034020786881446,0.428779502778314
1789088622103176200,0.92917626953125,0.033820436537265776,0.2555798581779003,0.3570760929726064
1789088622113202200,0.9392021484375,-0.0866571237117052,0.16436697085797786,0.31132428602520373
1789088622123229000,0.94922900390625,-0.2611649648338556,0.07640957820266485,0.25154369799699633
1789088622133256200,0.959256103515625,-0.40215865888893604,0.041408407448232175,0.22208236998468636
1789088622143282200,0.9692822265625,-0.5553630152195692,0.05190028310716152,0.20086020680107175
1789088622153309200,0.97930908203125,-0.795482853937149,0.012587386633455752,0.21233535787630825
1789088622163336000,0.9893359375,-0.983096844869852,-0.04461246418654918,0.2824563207961619
1789088622173362000,0.99936181640625,-1.05281452421844,-0.098996380802989,0.29210586387943477
1789088622183389200,1.00938916015625,-1.0272785164237022,-0.1592351609274745,0.26342015988212075
1789088622193415200,1.019415283203125,-1.014292778122425,-0.22259674924761055,0.12253029152769594
1789088622203442200,1.029442138671875,-0.914345380204916,-0.47167526270747184,-0.035351883888244624
1789088622213469000,1.039468994140625,-0.665503305849433,-0.32925884237289427,0.31195546006821095
1789088622223495000,1.049494873046875,-0.8773311160624027,-0.22222966950088738,0.09918784825447946
1789088622233522200,1.059522216796875,-0.7942144414365291,-0.31211481534838675,0.024037001408636568
1789088622243549200,1.069549072265625,-0.5900555584162473,-0.4157388559520244,0.028835853057727217
1789088622253575200,1.0795751953125,-0.59074061807096,-0.4845075640127062,0.038071116251684724
1789088622263602000,1.089601806640625,-0.7641033808112144,-0.5179524452358484,0.1414310625590384
1789088622273629200,1.099629150390625,-0.9122533763617277,-0.467758381524682,0.2127785715991631
1789088622283655200,1.1096552734375,-0.8645698341667651,-0.390023107676208,0.246976463146694
1789088622293682200,1.11968212890625,-0.7516770299583673,-0.3083887805625796,0.259162612035498
1789088622303709000,1.129708984375,-0.5154799176424741,-0.21760288648307322,0.2879822446107864
1789088622313735000,1.13973486328125,-0.25995792713165283,-0.11558043585717677,0.29692630630582567
1789088622323762200,1.14976220703125,-0.02846095533072948,-0.0239332487732172,0.31453247094936665
1789088622333788200,1.1597880859375,0.14981529841423033,0.01516425138413906,0.3888904503844678
1789088622343815200,1.169815185546875,0.29884850654006,0.028647417813539505,0.48326815841086207
1789088622353842000,1.179842041015625,0.3892793035715818,0.0443614120349288,0.5882298773590475
1789088622363868000,1.189867919921875,0.363773106393218,0.040945758372545236,0.7710397559456527
1789088622373895200,1.199895263671875,0.21375147175192832,0.05849953524172306,0.8836950981363654
1789088622383922200,1.209922119140625,-0.03103694329857826,0.1601446769878268,0.8417636166620999
1789088622393948200,1.2199482421875,-0.22831308106780052,0.30870500690490005,0.6391480906262993
1789088622403975000,1.229974853515625,-0.37097090894281864,0.5126330037787556,0.3765362514523789
1789088622414002200,1.240002197265625,-0.5397732318997382,0.7025114325121045,0.1548241395521909
1789088622424028200,1.250028076171875,-0.7467787365227937,0.8787456590354442,0.012950420392723754
1789088622434055200,1.26005517578125,-0.9104472037225961,1.0884759124472736,-0.10298787072510458
1789088622444081200,1.2700810546875,-0.8468576518654822,1.3282672498628496,-0.230038827148173
1789088622454108000,1.28010791015625,-0.5506073451250791,1.5361656116724014,-0.33859683528896417
1789088622464135200,1.29013525390625,-0.13766191928386687,1.6789745384559034,-0.37833014913182705
1789088622474161200,1.3001611328125,0.26912615297138687,1.6983984931111336,-0.2507408571815118
1789088622484188200,1.310188232421875,0.6478221032083035,1.5270122911408543,0.08788056455943732
1789088622494215000,1.32021484375,1.1930956860899924,1.2645835899814963,0.5030291630007326
1789088622504241000,1.330240966796875,1.9740040712296962,1.1085329043090342,0.8463185034874826
1789088622514268200,1.34026806640625,2.626495335292816,1.0594120227873325,1.0640939700584857
1789088622524295200,1.350295166015625,2.9705186160773036,0.8876718928128481,1.2816194804564118
1789088622534321200,1.360321044921875,3.0298931805878877,0.5864040501713752,1.5262912833899258
1789088622544348000,1.370347900390625,2.7595091365098954,0.24197540345638988,1.6445450301095843
1789088622554375200,1.380375244140625,2.206999172633886,0.010147300004959106,1.5806883517488837
1789088622564401200,1.390401123046875,1.4973919366419315,-0.04541939665526151,1.267119392069429
1789088622574428200,1.40042822265625,0.799777920782566,-0.008185060021281242,0.8537753222994506
1789088622584454100,1.4104541015625,0.2500198859632015,0.0034700141981244084,0.5690983297791332
1789088622594481000,1.42048095703125,-0.4148118042349815,0.03207037799954414,0.379674147619307
1789088622604508200,1.430508056640625,-1.1105728857040404,0.07641834603101015,0.2569930494440719
1789088622614534100,1.4405341796875,-1.6316571992248297,0.0956453168094158,0.1723286704521626
1789088622624561200,1.45056103515625,-1.9528928941398858,0.03591477846801281,0.09048171436800621
1789088622634588000,1.460587890625,-2.1386095270186662,-0.028534020566940307,-0.012554589475551619
1789088622644614000,1.47061376953125,-2.2247733142554758,-0.11301233893483877,-0.13144726428641004
1789088622654641200,1.48064111328125,-2.2034733365952968,-0.23020284033715724,-0.2538026741712354
1789088622664668200,1.490668212890625,-2.1541075404018164,-0.39141836142688985,-0.333641843230091
1789088622674694100,1.500694091796875,-1.9806898326039313,-0.5733773953378201,-0.37497371484339237
1789088622684721000,1.510720947265625,-1.762037144806981,-0.713764063410461,-0.4293920451860875
1789088622694747100,1.5207470703125,-1.580226871716976,-0.786318135228753,-0.46487986694630234
1789088622704773600,1.530773681640625,-1.3274246615588665,-0.8490554541707038,-0.5169642744487151
1789088622714800600,1.540800537109375,-1.0301438427269458,-0.8705278657883405,-0.5438638622142374
1789088622724826600,1.55082666015625,-0.8371838145911693,-0.8746423153698444,-0.5664999838490039
1789088622734853600,1.560853515625,-0.7710808186084032,-0.8948422228336333,-0.5751790013996884
1789088622744880600,1.570880615234375,-0.6748287680774927,-0.9179647397458552,-0.5620287201864644
1789088622754906600,1.58090673828125,-0.5757283423781394,-0.9063894527643919,-0.6210179751738906
1789088622764933600,1.59093359375,-0.5069669408410787,-0.8229644428417087,-0.6879848945096134
1789088622774960600,1.600960693359375,-0.531946483796835,-0.6715782418489455,-0.7290265875373035
1789088622784986400,1.610986328125,-0.5608879161208867,-0.5374570639118552,-0.7070448381580412
1789088622795013600,1.621013671875,-0.5612298614263534,-0.43913872850090263,-0.6307162893023341
1789088622805039600,1.63103955078125,-0.5107476284235716,-0.3389356022566557,-0.5043029092635959
1789088622815066600,1.641066650390625,-0.48259822326004503,-0.23729922833889722,-0.447392104518041
1789088622825093600,1.65109375,-0.4909790981143713,-0.09330079950988292,-0.439037313953042
1789088622835119400,1.661119384765625,-0.4558692062884569,0.03999269543141126,-0.41719424239210784
1789088622845146600,1.671146728515625,-0.30261516559720036,0.08155249404907226,-0.3574206686265766
1789088622855173600,1.681173583984375,-0.04242109162211418,0.09230945038497447,-0.24693638686463235
1789088622865199600,1.69119970703125,0.21898411170840262,0.10305588532686233,-0.09668452366404234
1789088622875226600,1.7012265625,0.4351140030294656,0.17209756511002777,0.06489785797670483
1789088622885253600,1.711253662109375,0.5829623852849006,0.18608371262550352,0.24463147092312573
1789088622895279600,1.721279541015625,0.831932469934225,0.17469138099551199,0.4929031980447471
1789088622905306600,1.731306640625,1.284623630708456,0.18718465960472822,0.7577052042067051
1789088622915333600,1.741333740234375,1.8572388095021246,0.25124942775815723,0.9620210313543677
1789088622925359400,1.751359375,2.618494399666786,0.35303134762644767,1.128951422959566
1789088622935386600,1.76138671875,3.4041017562776803,0.4503469357356429,1.2580660247810185
1789088622945412600,1.77141259765625,4.086566718322039,0.4104910184264183,1.3035726613283156
1789088622955439600,1.781439697265625,4.666446335160732,0.18893150327205657,1.2643063804753123
1789088622965466600,1.791466552734375,5.064612709543109,-0.09208163297846912,1.2737732970006763
1789088622975492600,1.80149267578125,5.079339738553762,-0.3361611691072583,1.3315725750185547
1789088622985519600,1.81151953125,4.779852349588275,-0.5715779447004199,1.4758284857399762
1789088622995546600,1.821546630859375,4.112418367937207,-0.7468649535015225,1.7351979454591868
1789088623005572600,1.831572509765625,3.229567611670494,-0.7612948992617428,2.0560937408953905
1789088623015599600,1.841599609375,2.267676051914692,-0.7121408461228013,2.2830293961301447
1789088623025626600,1.851626708984375,1.2625707888543605,-0.6176549284815788,2.5079320842325687
1789088623035652600,1.861652587890625,0.27948563442230223,-0.2915431519627571,2.7314789738118646
1789088623045679600,1.8716796875,-0.7913438544362783,-0.0670315090045333,2.8665929621785877
1789088623055705600,1.88170556640625,-1.5638456457585095,-0.19396745161265133,2.9989509298354387
1789088623065732600,1.891732666015625,-2.001204212844372,-0.4241296676784754,3.1661338348969816
1789088623075759600,1.901759521484375,-2.247096789744496,-0.5629892723143101,3.1670997573196886
1789088623085785600,1.91178564453125,-2.4040321492969987,-0.6131026720046997,2.9921511866927144
1789088623095812600,1.9218125,-2.3971195934295655,-0.6285553849413991,2.737660585056245
1789088623105839600,1.931839599609375,-2.271823234722018,-0.7315721073016523,2.4563053573697804
1789088623115865600,1.941865478515625,-2.120415114158392,-0.9628975219279527,2.2350794580839572
1789088623125892600,1.951892578125,-2.0196552308142186,-1.2193062321454287,2.0952504238940772
1789088623135919600,1.961919677734375,-1.979390440443158,-1.4217644487276673,1.9695532293006777
1789088623145945600,1.971945556640625,-1.8068354869544505,-1.5381763669729231,1.8049821141727267
1789088623155972600,1.98197265625,-1.6441478474855422,-1.5092793583124875,1.6307674107782542
1789088623165998600,1.99199853515625,-1.5796552093088625,-1.409384859625995,1.495282543272525
1789088623176025600,2.002025634765625,-1.5174994896471499,-1.2643448127895593,1.381096630513668
1789088623186052600,2.012052490234375,-1.5093991852998732,-1.1407976358368992,1.2973627007722854
1789088623196078600,2.02207861328125,-1.589538889941573,-1.040216323930025,1.2028561787344514
1789088623206105600,2.032105712890625,-1.716101907584071,-0.9631637716487049,1.1562127932421862
1789088623216132600,2.042132568359375,-1.7667974910765885,-0.8357774549245834,1.1337588232412934
1789088623226158600,2.05215869140625,-1.7867215042084454,-0.6258534325063229,1.0386825384914875
1789088623236185600,2.062185546875,-1.8204291280210017,-0.4595274365350604,0.9088421066135167
1789088623246212600,2.072212646484375,-1.7556933287382124,-0.3854401638001203,0.7838803866878151
1789088623256238600,2.082238525390625,-1.641882240641117,-0.39081805744618175,0.6974157168082893
1789088623266265600,2.092265625,-1.4758487978756427,-0.3700155079141259,0.6337525151930749
1789088623276292600,2.102292724609375,-1.3675275393664836,-0.24002923782467842,0.5907626837722957
1789088623286318600,2.112318603515625,-1.286591131389141,-0.1469721839427948,0.5225784976013005
1789088623296345600,2.122345703125,-1.1587380739361046,-0.0942471404492855,0.45124074277020987
1789088623306371600,2.13237158203125,-0.9707096569836139,-0.07259557287245988,0.39185083456002173
1789088623316398600,2.142398681640625,-0.744545862904191,0.008950783696770668,0.29475838768221435
1789088623326425600,2.152425537109375,-0.5851461590647697,0.14809651179760694,0.19329101365581153
1789088623336451600,2.16245166015625,-0.47745150802135466,0.2932011483028531,0.07791990970037876
1789088623346478600,2.172478515625,-0.44921734718382356,0.3377361633390188,0.008850392062216996
1789088623356505600,2.182505615234375,-0.3137064684540033,0.38474750536084174,-0.04221877398304641
1789088623366531600,2.192531494140625,-0.13852116646170615,0.4878875618398189,-0.08852686310634017
1789088623376558600,2.20255859375,0.025253683722019193,0.5876479127526283,-0.07147687104083597
1789088623386585600,2.212585693359375,0.19598083726167678,0.7009668334186077,0.015257921016961336
1789088623396611600,2.222611572265625,0.3259241449922323,0.7637973836019635,0.1977463856294751
1789088623406638600,2.232638671875,0.3977151234835386,0.7911550538659096,0.4141499062601477
1789088623416664600,2.24266455078125,0.4659598076701164,0.7981134947016835,0.6372735289260745
1789088623426691600,2.252691650390625,0.48032326406538484,0.831320767776668,0.8497983084272592
1789088623436718600,2.262718505859375,0.39718496212959287,0.8855380956545471,1.0224755000561476
1789088623446744600,2.27274462890625,0.2571568982362747,0.9513254498168826,1.1851901736624537
1789088623456771600,2.282771484375,0.09751169520318508,1.0430126766502856,1.3257635964788497
1789088623466798600,2.292798583984375,-0.10725041440725326,1.1312892182573675,1.3807904871739447
1789088623476824600,2.302824462890625,-0.36895197033584115,1.222787352259457,1.3505616453878582
1789088623486851600,2.3128515625,-0.5600391903370618,1.3033306692659854,1.2045477850832045
1789088623496878600,2.322878662109375,-0.7140852581888437,1.3638365758940576,0.9898596900682896
1789088623506904600,2.332904541015625,-0.6801783124119043,1.5195613906130194,0.7166375730201602
1789088623516931600,2.342931640625,-0.3217290313899517,1.713131075079739,0.4135832853533327
1789088623526957600,2.35295751953125,0.40651334696710106,1.9170234161183237,0.0848358905007597
1789088623536984600,2.362984619140625,1.1907733806222676,2.0157778048589825,-0.08475744583653286
1789088623547011600,2.373011474609375,1.982609402489662,2.0393118251815436,-0.05358308509495109
1789088623557037600,2.38303759765625,3.148669197615981,1.8709186675474045,0.20044103154093026
1789088623567064600,2.393064697265625,4.356622261098027,1.5781518190085888,0.6503139200240373
1789088623577091600,2.403091552734375,5.442132601737976,1.3652525801718234,1.0051594774655996
1789088623587117600,2.41311767578125,6.27512890151143,1.0321771021202206,1.309372287517786
1789088623597144600,2.42314453125,6.648025225558877,0.43212534260749813,1.6046536030955612
1789088623607171600,2.433171630859375,6.67067778687179,-0.3359878583669662,1.8140582778148353
1789088623617197600,2.443197509765625,6.0977674245238305,-1.0248758391961454,1.84953568777889
1789088623627224600,2.453224609375,5.08631892991662,-1.3921706899747253,1.5792805307775735
1789088623637250600,2.46325048828125,3.8159780915826556,-1.4528329562082887,1.0667184002779424
1789088623647277600,2.473277587890625,2.572945531412959,-1.4224395715102554,0.615476780724898
1789088623657304600,2.4833046875,1.362075119179487,-1.331884563577175,0.3921013387223705
1789088623667330600,2.49333056640625,0.30223288828134537,-1.1364178133174776,0.19289215053133665
1789088623677357600,2.503357666015625,-0.4032522993445396,-0.8810986519023776,0.03359031757581979
1789088623687384600,2.513384521484375,-0.7953659495592117,-0.6096998778238892,-0.08325582736823707
1789088623697410600,2.52341064453125,-1.0051251368045806,-0.39474224515259265,-0.10166877835001796
1789088623707438000,2.53343798828125,-1.068549853488803,-0.40856560332179065,0.03460249029304832
1789088623717464800,2.54346484375,-0.9844050048589705,-0.7020201418638229,0.3840830501027405
1789088623727490800,2.55349072265625,-0.7578647786825895,-0.9226771552205085,0.9989921870075166
1789088623737518000,2.56351806640625,-0.5550666626214981,-1.2119433021619914,1.5098193104080855
1789088623747545000,2.573545166015625,-0.4646341120243072,-1.5870988033130764,1.7760808677285909
1789088623757571000,2.583571044921875,-0.28322131381928917,-1.8460896389782429,2.0261413779631257
1789088623767597800,2.593597900390625,0.025612580162286756,-2.0958821459263564,2.036498229065537
1789088623777624000,2.6036240234375,0.22428923237919807,-2.2659584343418477,1.7334028787359594
1789088623787651000,2.613651123046875,0.2893313211321831,-2.397285889907181,1.270369479906559
1789088623797678000,2.623677978515625,0.20886077710092066,-2.478314944604039,0.796661177001521
1789088623807704000,2.6337041015625,-0.09247311651408671,-2.4285350146517155,0.4811528467573225
1789088623817730800,2.643730712890625,-0.5157265858799219,-2.3874743977278468,0.22169344373233615
1789088623827758000,2.653758056640625,-0.930360110938549,-2.4742466722518204,0.015591281157173216
1789088623837784000,2.6637841796875,-1.3745663519620894,-2.6045021146714684,-0.10712927224561572
1789088623847811000,2.67381103515625,-1.8063100017756222,-2.6659087695315478,-0.120418998462148
1789088623857837800,2.683837890625,-2.1920061861634252,-2.600450793454051,-0.13709544450752437
1789088623867864000,2.693864013671875,-2.5103888297349215,-2.4740654704660177,-0.21000247621564194
1789088623877891000,2.70389111328125,-2.706041750216484,-2.3564625888705253,-0.31584735294021665
1789088623887917000,2.7139169921875,-2.794459453859925,-2.2284926270395515,-0.4184206789145246
1789088623897944000,2.723944091796875,-2.8444927740514276,-2.1378294825568793,-0.5503258247699588
1789088623907970800,2.733970703125,-2.814654100626707,-2.0717834774583577,-0.6857777398541569
1789088623917997000,2.7439970703125,-2.717636326420307,-2.073981864285469,-0.7975209356360137
1789088623928024000,2.754024169921875,-2.57320505913198,-2.0989865416824816,-0.8959269493304193
1789088623938051000,2.764051025390625,-2.476948332425952,-2.109661080431938,-0.886071764139831
1789088623948077000,2.7740771484375,-2.3667454979538918,-2.095789791467786,-0.8361145779244601
1789088623958104000,2.78410400390625,-2.1822183671206234,-2.0587226280942557,-0.8267232108533382
1789088623968131000,2.794131103515625,-2.0916946311086413,-1.9673416907310484,-0.8358072655409574
1789088623978157000,2.804156982421875,-2.013057147723436,-1.8455337586611509,-0.9251976866740733
1789088623988184000,2.81418408203125,-1.9186913493305444,-1.6701748536676166,-1.079669286461547
1789088623998210000,2.8242099609375,-1.8337457057118414,-1.5011951283171772,-1.2206686065398156
1789088624008237000,2.834237060546875,-1.7452748105764389,-1.4093410204842687,-1.277277359598875
1789088624018264000,2.84426416015625,-1.5568337211698293,-1.3053425936102867,-1.3402378197722136
1789088624028290000,2.8542900390625,-1.2442325836092234,-1.1617091987013817,-1.3019156879015266
1789088624038317000,2.864317138671875,-0.966662427419424,-1.0881968032449483,-1.1446006813816725
1789088624048343800,2.87434375,-0.6442021591454744,-0.9831059049591422,-0.9211088829904794
1789088624058370000,2.8843701171875,-0.3043301528215408,-0.8762608564823865,-0.6997620607387274
1789088624068397000,2.89439697265625,0.1296212361693382,-0.7397568750619888,-0.5096154095232487
1789088624078423000,2.904423095703125,0.5200660763889551,-0.5524368986397982,-0.34725524844303723
1789088624088450000,2.914449951171875,0.9762643685013055,-0.379825246527791,-0.19241737262643874
1789088624098477000,2.92447705078125,1.4604074831157923,-0.32676234938204285,-0.04459266350753605
1789088624108503000,2.9345029296875,1.9371938052266835,-0.23608313054740426,0.10759272503890097
1789088624118530000,2.944530029296875,2.2805279347032306,-0.13351122934520243,0.23202727928534148
1789088624128557000,2.95455712890625,2.5457547421485183,-0.011997311785817146,0.35141046842634677
1789088624138583000,2.9645830078125,2.6609564078211783,0.17528730106204748,0.3840180220425129
1789088624148610000,2.974610107421875,2.6361533904761076,0.4550909153923392,0.37016043281015004
1789088624158637000,2.984636962890625,2.550811441016197,0.7570186832472682,0.36127796510923654
1789088624168663000,2.9946630859375,2.5396599324047564,1.0442097774803638,0.4000376116143539
1789088624178690000,3.00468994140625,2.593171157839894,1.3093681958645582,0.5414074820380658
1789088624188716000,3.014716064453125,2.6297324175179004,1.5934762293905018,0.7446677357181907
1789088624198743000,3.024742919921875,2.7100948249995707,1.7588168675862252,1.0332475808959454
1789088624208770000,3.03477001953125,2.89240018813014,1.7583933814771473,1.3973261730417608
1789088624218796000,3.044796142578125,3.234038035082817,1.6210530953630804,1.787595072172582
1789088624228823000,3.054822998046875,3.6657337541013955,1.3940069654911755,2.1419658517092466
1789088624238850000,3.06485009765625,3.9881899307221174,1.0912143975004553,2.356491668834537
1789088624248876000,3.0748759765625,4.142127277502417,0.6550327652394771,2.374042376963794
1789088624258903000,3.084903076171875,4.138779720640183,0.1337263334006071,2.2785537120208144
1789088624268930000,3.094929931640625,4.033907725802064,-0.3902072320714593,2.003101424767822
1789088624278956000,3.1049560546875,3.714807289350033,-0.8032409207180142,1.6737378068462012
1789088624288983000,3.114983154296875,3.1612323265910147,-1.0611864851139485,1.3906959412470459
1789088624299009000,3.125009033203125,2.4466765282809733,-1.1051872471429407,1.277070146588981
1789088624309036000,3.1350361328125,1.5480805058717726,-0.9332800900384783,1.396597712636739
1789088624319063000,3.14506298828125,0.5639128169000148,-0.7158712648227811,1.6611822766557336
1789088624329089000,3.155089111328125,-0.23930384615957737,-0.5355510841600597,2.0272885021716354
1789088624339116000,3.165115966796875,-1.0205202743351458,-0.28918489839881656,2.1743740833610294
1789088624349143000,3.17514306640625,-1.6525135247707365,-0.20519494806975125,2.289720418201387
1789088624359169000,3.1851689453125,-2.0642226868152616,-0.2714464126124978,2.3870292843088508
1789088624369196000,3.195196044921875,-2.2607138116866348,-0.46776334996074437,2.403879004561901
1789088624379223000,3.20522314453125,-2.36676712526381,-0.6426674969241023,2.327753796258569
1789088624389249000,3.2152490234375,-2.3885364740014077,-0.7839864774107933,2.217072822880745
1789088624399276000,3.225276123046875,-2.205532022690773,-1.0249813453972338,2.1265546398267148
1789088624409302000,3.235302001953125,-1.929410311743617,-1.2757698776453732,2.0468132868528364
1789088624419329000,3.2453291015625,-1.5409937624812124,-1.5657587859034536,1.8915552128627895
1789088624429356000,3.25535595703125,-1.0473135887145995,-1.8626792469903826,1.6570386009797453
1789088624439382000,3.265382080078125,-0.4891869540005922,-2.1126514944195747,1.345353993742168
1789088624449409000,3.275408935546875,0.019559855994582175,-2.3250270016431807,1.0732982170596719
1789088624459436000,3.28543603515625,0.27946751424372196,-2.4364167078122496,0.7968002201460301
1789088624469462000,3.2954619140625,0.32125147700607776,-2.4752929664343593,0.5377957943469286
1789088624479489000,3.305489013671875,0.18680209002792833,-2.4486679943591354,0.30151114987805483
1789088624489516000,3.31551611328125,-0.16351356889903546,-2.3332068009674547,0.08935074670985341
1789088624499542000,3.3255419921875,-0.6544722087472676,-2.1136551185041665,-0.08287745904251932
1789088624509569000,3.335569091796875,-1.1101344942867755,-1.8144029995992779,-0.1893118078265339
1789088624519595000,3.345594970703125,-1.5557137772291898,-1.542831791563332,-0.18351634635552763
1789088624529622000,3.3556220703125,-2.028628810864687,-1.2751137518242002,-0.14837671697847543
1789088624539649000,3.36564892578125,-2.4427824434518812,-0.9858686476707458,-0.06431940050162374
1789088624549675000,3.375675048828125,-2.682947290354967,-0.6576397328674792,0.04720313826687634
1789088624559702000,3.385701904296875,-2.7200556625217196,-0.32094372623115774,0.13172602642886339
1789088624569729000,3.39572900390625,-2.56768483440578,0.03101385468393564,0.1955916187483817
1789088624579755000,3.405755126953125,-2.3292267914205786,0.3472960188448429,0.29900391629748047
1789088624589782000,3.415781982421875,-2.0405513038486243,0.5654200065925717,0.44680772875882685
1789088624599809000,3.42580908203125,-1.728532350090146,0.7055886480003595,0.5757599065601825
1789088624609835000,3.4358349609375,-1.430994926148653,0.81036361220479,0.7051216880757362
1789088624619862000,3.445862060546875,-1.219711890336871,0.9279118410035967,0.7566198201227933
1789088624629888000,3.455887939453125,-1.12187578548491,1.070625198458135,0.755331168551743
1789088624639915000,3.4659150390625,-1.050848777103424,1.2338780705943704,0.6893867971967905
1789088624649942000,3.47594189453125,-1.0009048887610434,1.398068223580718,0.7061497890144586
1789088624659968000,3.485968017578125,-0.96941143386662,1.579762761336565,0.8911947331767529
1789088624669995000,3.4959951171875,-0.8939841446995734,1.774530715677142,1.0635257417164743
1789088624680022000,3.50602197265625,-0.7018541376471519,1.9400158769100904,1.0897436673607677
1789088624690048000,3.516048095703125,-0.4438526052802801,2.0196455862030387,1.0700656648792326
1789088624700075000,3.526074951171875,-0.2099140855461359,1.9790897039309143,1.005154728225246
1789088624710101200,3.536101318359375,0.028583704927563666,1.8357152522191404,0.951493353729695
1789088624720128300,3.546128173828125,0.33390111522078514,1.621178767569363,0.8692595994181931
1789088624730155300,3.5561552734375,0.7477268310278654,1.3841744305238126,0.7969919433258473
1789088624740181200,3.56618115234375,1.0785416706711053,1.1544997057139872,0.8069318841904402
1789088624750208300,3.576208251953125,1.1997054596185683,0.998429146297276,0.8971535685159265
1789088624760235300,3.5862353515625,1.2046984456002712,0.8959607054695486,1.046418539571017
1789088624770261200,3.59626123046875,1.2024193947523831,0.852335791015625,1.1560839061655104
1789088624780288300,3.606288330078125,1.113563299691677,0.9286953925967216,1.2158321262940763
1789088624790315300,3.616315185546875,0.8175508933603763,1.1105424905657768,1.1907058683440088
1789088624800341200,3.62634130859375,0.47865445407032964,1.3112494795665144,1.0352278679929674
1789088624810368300,3.6363681640625,0.2343698968887329,1.4200114675804971,0.946166898009926
1789088624820394200,3.646394287109375,0.0950531961351633,1.4515630824029444,0.8700337986610829
1789088624830421200,3.656421142578125,0.052691141223907466,1.5471668981581925,0.7468325125366448
1789088624840448300,3.6664482421875,0.2545955233156681,1.671897731937468,0.6773395087894052
1789088624850474200,3.67647412109375,0.7052887882709503,1.7850497716039417,0.6603485534347593
1789088624860501200,3.686501220703125,1.6170190175414085,1.6880650228843093,0.7446420167550444
1789088624870528300,3.6965283203125,2.9243197594821453,1.4052821004822849,0.9415762822840362
1789088624880554200,3.70655419921875,4.195167962816357,0.951636123201251,1.3322476978011428
1789088624890581200,3.716581298828125,5.208787371721863,0.3715776426643133,1.6945549694254993
1789088624900607200,3.726607177734375,6.021236558029055,-0.32113340358436104,2.022788122012466
1789088624910634200,3.73663427734375,6.336024976500869,-1.1542293643400072,2.3309426554277537
1789088624920661200,3.7466611328125,5.9949599610000845,-2.0219486024484037,2.5563252360016104
1789088624930687200,3.756687255859375,5.1840480672627685,-2.7171272078543898,2.6417262221723794
1789088624940714200,3.76671435546875,3.9544197630673645,-3.0627374655693766,2.4878631096720696
1789088624950741200,3.7767412109375,2.6582664380848406,-2.9900124210983514,2.133422333639115
1789088624960767200,3.786767333984375,1.5130834267705677,-2.7653981945484873,1.9276175831079483
1789088624970794200,3.796794189453125,0.4307365185976028,-2.5959645879507063,1.8809990397959946
1789088624980821200,3.8068212890625,-0.5740004956722259,-2.5480685720488427,1.9337755212157963
1789088624990847200,3.81684716796875,-1.3676736698389051,-2.5514915322348473,2.168800374881923
1789088625000874200,3.826874267578125,-1.911646106994152,-2.582726920714974,2.491567809408903
1789088625010900200,3.836900146484375,-2.1668191379368302,-2.631855108760297,2.809580742885172
1789088625020927200,3.84692724609375,-1.9834815091490745,-2.659706700021028,3.0200533390969038
1789088625030954200,3.856954345703125,-1.3784253654778003,-2.6028099238008258,3.1338883925914764
1789088625040980200,3.866980224609375,-0.7431471020221709,-2.5618694261252877,3.129733026477694
1789088625051007200,3.87700732421875,-0.06017477497756481,-2.640986217460036,3.0682772717788813
1789088625061034200,3.8870341796875,0.7382792037248611,-2.749749959039688,2.9124159711986777
1789088625071060200,3.897060302734375,1.30955115121603,-2.9160645568341015,2.6947482027858496
1789088625081087200,3.907087158203125,1.5859534326702356,-3.094147333833575,2.5329426068484784
1789088625091113200,3.91711328125,1.567326473611593,-3.2095594273865222,2.349709315218031
1789088625101140200,3.92714013671875,1.2926912018299102,-3.185991212533414,2.1501370293356477
1789088625111167200,3.937167236328125,0.8681371712595224,-2.9617908274814484,1.8906462813243268
1789088625121193200,3.947193115234375,0.43883799198865886,-2.6112074575290083,1.6097240382276474
1789088625131220200,3.95722021484375,0.049718847414851185,-2.2459330066621304,1.4198524776265025
1789088625141247200,3.967247314453125,-0.3925777605950832,-1.9792033934384583,1.2879270561680196
1789088625151273200,3.977273193359375,-0.8691489786505698,-1.7359283055603503,1.175862957868725
1789088625161300200,3.98730029296875,-1.2360855175107717,-1.5252873670443892,1.0542802128568292
1789088625171327200,3.9973271484375,-1.4191045818686485,-1.32691437394917,0.9299424700483679
1789088625181353200,4.007353271484375,-1.4372539865434169,-1.1923933830395341,0.7563016210190951
1789088625191380200,4.017380126953125,-1.3042717495083809,-1.119840772525966,0.5931845771569758
1789088625201406200,4.02740625,-1.1143605875492095,-1.1549109168633818,0.4709919566184282
1789088625211433200,4.03743310546875,-0.9563409398913383,-1.2657149320989847,0.4232487201254815
1789088625221460200,4.047460205078125,-0.7899854255646467,-1.3492244054347275,0.34559516974370924
1789088625231486200,4.057486328125,-0.5831827500373125,-1.4029343683123587,0.25910646140147
1789088625241513200,4.06751318359375,-0.40885494165718556,-1.3379966167166828,0.19827841014694422
1789088625251540200,4.077540283203125,-0.39039690942466254,-1.1918942013457416,0.1779419072240591
1789088625261566200,4.087566162109375,-0.4844388826906681,-1.087490700802207,0.16630663368366658
1789088625271593200,4.09759326171875,-0.5630880565136671,-1.0552373674511908,0.2464505395764485
1789088625281619200,4.107619140625,-0.6108645376890898,-1.07401980933249,0.34219416566118593
1789088625291646200,4.117646240234375,-0.5629957020550966,-1.0987605750963092,0.3825861260758713
1789088625301673200,4.127673095703125,-0.5826531732052564,-1.0912594056859612,0.3653777651108801
1789088625311699200,4.13769921875,-0.7040694756090641,-1.1140735873013734,0.3936479471098631
1789088625321726200,4.147726318359375,-0.8187894952446222,-1.175074876230955,0.3811661032101139
1789088625331753200,4.157753173828125,-0.8431289867311715,-1.1998352234780787,0.3008015037713572
1789088625341779200,4.167779296875,-0.8621528361529112,-1.2246911400541662,0.1947233114812523
1789088625351806200,4.17780615234375,-0.8450380352228879,-1.221549334897101,0.0753291260221973
1789088625361832200,4.187832275390625,-0.7046510748893022,-1.1526631379365921,-0.06735719729494304
1789088625371859200,4.197859130859375,-0.5136550403028727,-1.0700839311882853,-0.17449268008563668
1789088625381886200,4.20788623046875,-0.31809330523610113,-1.0663426988333462,-0.19201810764316468
1789088625391912200,4.217912109375,-0.09783025963306427,-1.0973626909971237,-0.09331157663222402
1789088625401939200,4.227939208984375,0.08638532103300094,-1.2059420159205794,0.08232088460568338
1789088625411966200,4.23796630859375,0.2652735691964626,-1.3380983235254882,0.30454792375806716
1789088625421992200,4.2479921875,0.3795224641889334,-1.4377303718835115,0.5113403336197138
1789088625432019200,4.258019287109375,0.4878536595702171,-1.5590474516965447,0.6774005913268775
1789088625442046200,4.268046142578125,0.6261088685721159,-1.6328718357115983,0.7469848535541445
1789088625452072200,4.278072265625,0.8022966256052255,-1.635201739963889,0.7094900393530726
1789088625462099200,4.28809912109375,0.8774865988850593,-1.5722300277441739,0.6034148062050342
1789088625472125200,4.298125244140625,0.9553811549484729,-1.3993220230340957,0.4550425827385857
1789088625482152200,4.308152099609375,1.1034534090876578,-1.1972547054655849,0.37498266533482816
1789088625492179200,4.31817919921875,1.252853112438321,-1.0843233228124678,0.5094424641091376
1789088625502205200,4.328205078125,1.2232342192441223,-1.0079448704004288,0.8708719299856573
1789088625512232200,4.338232177734375,1.1775216848611831,-0.953183937165141,1.3103176055438817
1789088625522259200,4.34825927734375,1.2263380304783582,-0.907335647573322,1.7077669176980852
1789088625532285200,4.35828515625,1.4994892011821268,-0.8953579172708094,1.9523603946983814
1789088625542312200,4.368312255859375,1.9754402415126562,-0.9139275931842624,1.9886855075329541
1789088625552338200,4.378338134765625,2.5498797131240365,-0.9936258376687764,1.880089815996587
1789088625562365200,4.388365234375,3.111040600967407,-1.21560182466954,1.7144428883306682
1789088625572392200,4.39839208984375,3.6446658316314218,-1.5189100870974361,1.402385502257943
1789088625582418200,4.408418212890625,4.139260782155394,-1.7922538577638565,0.9528365119669586
1789088625592445200,4.418445068359375,4.495911489322781,-2.008128459149599,0.5006562963895499
1789088625602472200,4.42847216796875,4.552738707438111,-2.105374635284394,0.15958477808274327
1789088625612498200,4.438498291015625,4.081302514183521,-2.0709423504590987,0.02807159068696201
1789088625622525200,4.448525146484375,3.1923972801834344,-1.928997200898081,0.19883958769366145
1789088625632551200,4.45855126953125,2.194976141884923,-1.633532637707889,0.5874816893402487
1789088625642578200,4.468578125,0.9952718513101338,-1.4499559394672512,1.031921154597774
1789088625652605200,4.478605224609375,-0.14441490067541599,-1.067781937856227,1.6858922088898718
1789088625662631200,4.488631103515625,-0.8052092981815338,-0.9092388508461415,2.3354208237551153
1789088625672658200,4.498658203125,-1.3631331037998198,-0.9239840000353753,2.823177306561172
1789088625682685200,4.508685302734375,-1.4491314713418484,-0.9679631347544491,3.238301537746191
1789088625692711200,4.518711181640625,-1.340689216801524,-1.056822590816021,3.338486836072802
1789088625702738200,4.52873828125,-1.1253525216847657,-1.2975688908688723,3.216567844843864
1789088625712765400,4.538765380859375,-0.9090618868440389,-1.7154381829783318,2.981308305639028
1789088625722791400,4.54879150390625,-0.7099211242467165,-2.247379552208632,2.551475457882881
1789088625732818400,4.558818359375,-0.36942309497892856,-2.8118852204352613,2.0744299003139135
1789088625742844700,4.5688447265625,-0.007222352468967437,-3.215184281530976,1.5754603879675269
1789088625752871400,4.578871337890625,0.141207044544816,-3.46355815385282,1.092775655467808
1789088625762898400,4.5888984375,0.13933540545403958,-3.577228664435446,0.6794707486644387
1789088625772924400,4.59892431640625,0.02343523612320423,-3.5692496483802794,0.2874684498697519
1789088625782951400,4.608951416015625,-0.17668927681446076,-3.3837130482435223,-0.000440583374351263
1789088625792977700,4.618977783203125,-0.48689329010546206,-3.008825258117914,-0.10654285065978765
1789088625803004400,4.62900439453125,-0.769492088112235,-2.481849256210029,-0.03407090416699648
1789088625813031400,4.639031494140625,-0.9022112902969122,-1.9235943189412354,0.007659428711980581
1789088625823057400,4.649057373046875,-0.8728957639634609,-1.460735546026379,0.004077186311036348
1789088625833084700,4.659084716796875,-0.8799223015993833,-1.0703554416060448,0.04322685504704714
1789088625843111400,4.669111328125,-0.9583914426803588,-0.7880382370196283,0.07697890252321958
1789088625853137400,4.679137451171875,-0.9975485640704631,-0.671552376755327,0.10251140318661928
1789088625863164400,4.689164306640625,-0.9056459409207105,-0.6882612272329628,0.10105287494137882
1789088625873191400,4.69919140625,-0.7383277190417051,-0.6855671658433974,0.0532975826844573
1789088625883217700,4.7092177734375,-0.5927314996272325,-0.5861031675286591,0.031309622760117055
1789088625893244400,4.719244384765625,-0.5363613776296376,-0.4220392712704837,0.046011663459986446
1789088625903270400,4.7292705078125,-0.48741176102161404,-0.28003508499860763,0.20824775976911186
1789088625913297400,4.73929736328125,-0.5406114362895489,-0.09045461629852652,0.35418241735771294
1789088625923324700,4.74932470703125,-0.6583820756673813,0.13743044861555098,0.40410774713009595
1789088625933350700,4.7593505859375,-0.7187959200978279,0.34301775700375436,0.33288594682887196
1789088625943377400,4.76937744140625,-0.752986943513155,0.5276996400073171,0.1784516103118658
1789088625953404400,4.779404296875,-0.7909241677194834,0.7292027478218078,0.03461947796046733
1789088625963430400,4.789430419921875,-0.863186270853877,0.9741972068384289,-0.07552541577927768
1789088625973457700,4.799457763671875,-0.8650678468167782,1.12326066397205,-0.20409860420040785
1789088625983483600,4.809483642578125,-0.852130623832345,1.1818678973719476,-0.3192099612411111
1789088625993510400,4.819510498046875,-0.8368494680702686,1.2123508600495756,-0.41993126614056525
1789088626003537400,4.829537353515625,-0.823204389077425,1.269356503471732,-0.5192410237416625
1789088626013563400,4.8395634765625,-0.7943430362522602,1.297104049836099,-0.4835169455401599
1789088626023590700,4.849590576171875,-0.7903811468839645,1.3128482930652796,-0.3570424098987132
1789088626033617400,4.859617431640625,-0.693804686704278,1.4372953414671121,-0.235106394469738
1789088626043643400,4.869643310546875,-0.6050608198463916,1.525530674280971,-0.12343816362023353
1789088626053670400,4.87967041015625,-0.49564592088162895,1.5653043201342225,-0.04437682879976928
1789088626063696400,4.8896962890625,-0.3096890495061874,1.5916041519083082,-0.014404884384199975
1789088626073723600,4.8997236328125,-0.20435528237521647,1.5556880582660435,0.022359788911417124
1789088626083750400,4.90975048828125,-0.11564590230882167,1.493563172134012,0.038283991817384955
1789088626093776400,4.9197763671875,-0.07297638888359069,1.4298850652106105,0.05289671026598662
1789088626103803400,4.929803466796875,-0.10133271479606627,1.2871566563174128,0.0356122883901
1789088626113830700,4.93983056640625,-0.15185001911222934,1.10221407655105,0.03596716624237597
1789088626123856600,4.949856689453125,-0.2591822665840387,0.9641713412560522,0.07553429320547729
1789088626133883400,4.95988330078125,-0.4070698118060827,0.8405635201573372,0.11324227523319423
1789088626143909400,4.969909423828125,-0.5996083996593952,0.7724297489993274,0.19370438022967426
1789088626153936400,4.979936279296875,-0.7782663461983204,0.7221962300606072,0.23129396004211156
1789088626163963600,4.989963623046875,-0.8306243099451065,0.7351534729197621,0.2638416366972029
1789088626173989600,4.99998974609375,-0.6867857478529215,0.8100555691689252,0.35741803827807306
1789088626184016400,5.010016357421875,-0.5386188011676073,0.9521168924555182,0.3964344725558534
1789088626194043400,5.02004345703125,-0.42586803577840326,1.1315608748055994,0.2815743137972429
1789088626204069400,5.0300693359375,-0.2982195609867573,1.2556243307173252,0.04835338601423427
1789088626214096600,5.0400966796875,-0.07342997786998748,1.356552117974311,-0.29055207683248446
1789088626224122600,5.05012255859375,0.2439513797044754,1.3981911193080245,-0.6264342280689627
1789088626234149400,5.0601494140625,0.7487848156481981,1.1859501982495189,-0.8536993344537913
1789088626244176400,5.07017626953125,1.6732319031506775,0.7937455087505281,-1.005768476209417
1789088626254202400,5.080202392578125,2.693119140279293,0.31114684709906576,-1.1024302035197615
1789088626264229600,5.090229736328125,3.4998850202530623,-0.08402940555661917,-1.1490922937124968
1789088626274256400,5.10025634765625,4.0434284183412785,-0.39117183931991456,-1.1000642781060188
1789088626284282400,5.110282470703125,4.230447365990281,-0.8227090067759155,-0.8421706630930305
1789088626294309400,5.120309326171875,3.7917449830800294,-1.217156945157051,-0.4672006745766848
1789088626304335400,5.13033544921875,3.0507243716925383,-1.5738587979897856,-0.24831147461012004
1789088626314362600,5.140362548828125,2.2729262275278566,-1.769056668180227,-0.34416601372342553
1789088626324389400,5.150389404296875,1.6014906090199947,-1.655056048860401,-0.9289009981714188
1789088626334415400,5.160415283203125,1.306390056836605,-1.2878214038364588,-1.6524774305440484
1789088626344442400,5.1704423828125,1.116937160038948,-0.9604118425920605,-2.2163874709650875
1789088626354469600,5.1804697265625,0.8215180434256791,-0.7593690457656979,-2.6081618062227965
1789088626364495600,5.19049560546875,0.6642524290055036,-0.6603723727017641,-2.7833319106459617
1789088626374522400,5.2005224609375,0.5683405702143908,-0.6019385961726308,-2.7567151218771935
1789088626384548400,5.21054833984375,0.5990905132651329,-0.6337240197509527,-2.422785949605703
1789088626394575400,5.220575439453125,0.5889817917048931,-0.7116887184411287,-1.9570061746776102
1789088626404602600,5.2306025390625,0.6287526610791683,-0.8930515400245785,-1.5942578812874852
1789088626414628600,5.240628662109375,0.7724673045307398,-0.9848360897526144,-1.3461194251567123
1789088626424655400,5.2506552734375,0.7700052983313799,-0.993964275842905,-1.232175942851603
1789088626434682400,5.260682373046875,0.5769236896425485,-1.0210065965473651,-1.1900618713520466
1789088626444708600,5.27070849609375,0.26762626980245113,-1.0381585146173835,-1.3044190490245817
1789088626454735600,5.280735595703125,-0.01997837366759777,-0.9605980128139257,-1.5788012228280306
1789088626464761600,5.29076171875,-0.2933130842447281,-0.7810615298748016,-1.872516165871918
1789088626474788400,5.300788330078125,-0.5972054301708937,-0.6524672986656427,-1.9964191705249248
1789088626484815400,5.3108154296875,-0.9576707271903753,-0.5255477226704359,-2.063252088217437
1789088626494841600,5.320841552734375,-1.2388292632609605,-0.3876867736831307,-2.1069350164689125
1789088626504868600,5.33086865234375,-1.461030583450198,-0.295879427601397,-2.098020180868357
1789088626514895400,5.340895263671875,-1.5913953314632177,-0.2158852689102292,-2.1056763947099446
1789088626524921300,5.35092138671875,-1.6032763233929872,-0.15159370626360177,-2.1310145418450235
1789088626534948600,5.360948486328125,-1.479555835700035,-0.1856049891978502,-2.118743966075778
1789088626544974600,5.370974609375,-1.3085656473100185,-0.24908903485387562,-2.0884943737626074
1789088626555001600,5.381001708984375,-1.1173393110990524,-0.37333325415998697,-2.061115076188743
1789088626565028400,5.3910283203125,-0.8603039934158325,-0.49198213767707344,-2.0095880103081463
1789088626575054300,5.401054443359375,-0.6444739618241787,-0.6054977499589324,-1.940862118475884
1789088626585081600,5.41108154296875,-0.41005730318427086,-0.6837623083785176,-1.9272126555688678
1789088626595108600,5.421108642578125,-0.19119068037569523,-0.7321814713716507,-1.9155792086593806
1789088626605134600,5.431134521484375,-0.03471124789714813,-0.7845274524196982,-1.9253110597312448
1789088626615161300,5.441161376953125,0.15847323664426802,-0.8332830077603459,-1.9698130492806434
1789088626625187300,5.451187255859375,0.32546003461182116,-0.8199933180764317,-2.014003196401894
1789088626635214600,5.461214599609375,0.43490065253973004,-0.8187588078454137,-2.036088479220867
1789088626645241600,5.47124169921875,0.5330991609632969,-0.8331421379849314,-2.020511555382609
1789088626655267600,5.481267578125,0.6469616869866848,-0.8666670987069607,-2.008193048818409
1789088626665294300,5.49129443359375,0.7589449751347302,-0.9026897214636206,-2.000036630369723
1789088626675321600,5.501321533203125,0.8461281685471534,-0.9812997323200106,-1.969908618609607
1789088626685347600,5.51134765625,0.8168868764936924,-1.0345981917873024,-1.928375123476982
1789088626695374600,5.52137451171875,0.8057301071852445,-1.10760819067955,-1.8919914123229682
1789088626705400600,5.531400634765625,0.6758680479973554,-1.1558715785890816,-1.8010834992989897
1789088626715426600,5.541426513671875,0.4606447501271963,-1.1512056326046585,-1.7050485986500978
1789088626725453600,5.55145361328125,0.2550871062248945,-1.0333671886876226,-1.6443943695925176
1789088626735479800,5.561479736328125,-0.012516367223858833,-0.8793293041422963,-1.6123514641217886
1789088626745506800,5.5715068359375,-0.20272972699999808,-0.7597542456910014,-1.6196945203609763
1789088626755533600,5.581533447265625,-0.31599720973968504,-0.6504018905684351,-1.6613837905772029
1789088626765559600,5.5915595703125,-0.49254912391006944,-0.5624146872967482,-1.7104047188557683
1789088626775586600,5.601586669921875,-0.6844932530015707,-0.5067234874740243,-1.7353076894439756
1789088626785612800,5.61161279296875,-0.8393044600069522,-0.47843555062264204,-1.7289036676205694
1789088626795639800,5.621639892578125,-0.9445832820802926,-0.4285553751662373,-1.7468869219481944
1789088626805666600,5.63166650390625,-1.0316770436435938,-0.3361725672841072,-1.7577783183187246
1789088626815692500,5.641692626953125,-1.019596729749441,-0.26792817535847424,-1.7603300486281512
1789088626825719800,5.6517197265625,-0.9130489106535911,-0.17404753013402222,-1.7507766228631139
1789088626835746800,5.661746826171875,-0.7226303836941719,-0.08105565044283866,-1.730555234219879
1789088626845772800,5.671772705078125,-0.4688181197106838,0.009526537758111953,-1.7457834907509386
1789088626855799600,5.681799560546875,-0.1930781015574932,0.10208411768525838,-1.7234332733854651
1789088626865825500,5.691825439453125,0.04487491451501846,0.1592541578888893,-1.7055413506031036
1789088626875852800,5.701852783203125,0.20276713640093802,0.23514526517540216,-1.744852785772085
1789088626885879800,5.7118798828125,0.37098493746817107,0.36474545855671164,-1.803089286163449
1789088626895905800,5.72190576171875,0.3805927237689495,0.5087710676535964,-1.8637664577051996
1789088626905932500,5.7319326171875,0.3821165723353624,0.6652741732686758,-1.881513419058919
1789088626915959800,5.741959716796875,0.4651028985798359,0.7788277794733643,-1.7548348122127353
1789088626925985800,5.75198583984375,0.7081289801329373,0.8139443933010101,-1.485949336129427
1789088626936012800,5.7620126953125,1.1582441529393195,0.6875254603043198,-1.2018404258206485
1789088626946038800,5.772038818359375,1.855676967012882,0.5411059418082237,-1.044092361645773
1789088626956065500,5.7820654296875,2.521839029031992,0.42388665270283815,-0.9638855100519954
1789088626966092800,5.7920927734375,3.0387334896475076,0.24925927685424684,-1.0371413003988563
1789088626976118800,5.802118896484375,3.4814340022832155,-0.004201104951649904,-1.2406623239070176
1789088626986145800,5.812145751953125,3.6126930687874554,-0.39050504597425456,-1.345416829845309
1789088626996172500,5.822172607421875,3.3306641796231267,-0.8077429083123803,-1.4037328252136707
1789088627006198500,5.832198486328125,2.811374932825565,-1.119710424144566,-1.404511700631678
1789088627016225800,5.842225830078125,2.2093033579230306,-1.2119359956383704,-1.404761291478574
1789088627026251800,5.852251708984375,1.5784306359499691,-1.0916095342978835,-1.3270407768078147
1789088627036278800,5.86227880859375,0.8617097685605287,-0.8462873046316206,-1.0973298116408288
1789088627046305500,5.872305419921875,0.05158171867728233,-0.6878162599444388,-0.6529314090460538
1789088627056331500,5.88233154296875,-0.6847253081917762,-0.5938873916640878,-0.20911124473065137
1789088627066358800,5.89235888671875,-1.2377882297754288,-0.5025557002700864,0.14386150457635521
1789088627076385800,5.9023857421875,-1.6544962230205535,-0.42651670894548294,0.406684538815543
1789088627086411800,5.912411865234375,-1.8600556204885244,-0.35574367532506584,0.5659050866957753
1789088627096438500,5.9224384765625,-1.8392349507778882,-0.30352716587558387,0.6483902584850788
1789088627106464500,5.932464599609375,-1.7329098345220089,-0.2999697656549513,0.6900607509355992
1789088627116491800,5.94249169921875,-1.449841080915928,-0.42849531554207204,0.7691228894736617
1789088627126518800,5.952518798828125,-1.008815223494172,-0.5506389093071222,0.8336815055586397
1789088627136544800,5.962544677734375,-0.45753567819595337,-0.6687848117381334,0.8092698256187141
1789088627146571500,5.972571533203125,0.19812194094359872,-0.7669413807161152,0.7128532321758568
1789088627156598800,5.982598876953125,0.820779792279005,-0.8241482457987964,0.58089105890356
1789088627166624800,5.992624755859375,1.3521177887886762,-0.8261357663542032,0.39678573367893694
1789088627176651800,6.00265185546875,1.7547902424186468,-0.860962311194092,0.40248423758149143
1789088627186677800,6.012677734375,1.8197937527269124,-1.0051517325505614,0.586789688488096
1789088627196704500,6.02270458984375,1.5686895786583424,-1.1851036644227801,0.8539517017796635
1789088627206731800,6.032731689453125,1.1582558433771133,-1.3185580490142106,1.073015892986953
1789088627216757800,6.0427578125,0.6594727935135364,-1.3347034203901886,1.173398175190389
1789088627226784800,6.05278466796875,0.23630407982170581,-1.145344923877716,1.0776683219026773
1789088627236811500,6.0628115234375,-0.03622749767899513,-0.921335385222733,0.9673419341161846
1789088627246837500,6.07283740234375,-0.39440965219736096,-0.7364962658308446,0.8715010216694324
1789088627256864800,6.08286474609375,-0.785434338131547,-0.6169285139031708,0.7551477748088539
1789088627266890800,6.092890869140625,-1.0687813241571187,-0.5661081349872052,0.6153138452481478
1789088627276917800,6.102917724609375,-1.3310370068371296,-0.5424982729494572,0.456491356774792
1789088627286944500,6.112944580078125,-1.577226520857215,-0.5987656652249396,0.36387115994021296
1789088627296970500,6.122970458984375,-1.7333295212388038,-0.6876511325106024,0.2713101459469646
1789088627306997800,6.132997802734375,-1.8288339682728052,-0.7258841247931123,0.18724486535936594
1789088627317024800,6.143024658203125,-1.8258008841872215,-0.7278330669037997,0.11951857902370393
1789088627327050800,6.15305078125,-1.747764289304614,-0.6651537617594003,0.03902863617222756
1789088627337077500,6.163077392578125,-1.5280027634829283,-0.5769065923772752,-0.05209167749341577
1789088627347103700,6.173103759765625,-1.2168173379391432,-0.5500931119926273,-0.10416545400395989
1789088627357130800,6.183130859375,-0.8820733421534299,-0.5544986534751951,-0.06004979689102619
1789088627367157800,6.19315771484375,-0.6302449454635382,-0.634617607589811,0.06289820859208703
1789088627377183700,6.203183837890625,-0.31012977901101113,-0.7213936815060674,0.14987517537530512
1789088627387210500,6.21321044921875,0.03060907327532768,-0.807325559683144,0.20474789842199534
1789088627397236700,6.22323681640625,0.3266051129937172,-0.875850668246299,0.2280875286836177
1789088627407263700,6.233263671875,0.46498657872378824,-0.9376922073923051,0.3338949777409434
1789088627417290800,6.243290771484375,0.5016501297324896,-1.0001537781327963,0.4830708457404747
1789088627427316700,6.253316650390625,0.45043724436759947,-1.0631325046151876,0.7101145279269665
1789088627437343700,6.26334375,0.4100584722280502,-1.0406854027464985,0.907951149123162
1789088627447370800,6.273370849609375,0.37577450983226296,-0.9274296104446053,1.0697798336751758
1789088627457396700,6.283396728515625,0.33890169998705383,-0.8174640918597579,1.2166704037491232
1789088627467423700,6.293423828125,0.31823534405529497,-0.7284460842356085,1.361581198182702
1789088627477449700,6.30344970703125,0.31834640321433544,-0.6491644577279686,1.423124631164968
1789088627487476700,6.313476806640625,0.31058453704118727,-0.5744190133452415,1.4279590655840932
1789088627497503700,6.323503662109375,0.352670697620511,-0.5786220179930329,1.340658675532788
1789088627507529700,6.33352978515625,0.3263870863288641,-0.658020841139555,1.236238808376342
1789088627517556700,6.343556640625,0.27154081289768217,-0.6978156759113073,1.1011142986156046
1789088627527583700,6.353583740234375,0.21594050622880456,-0.7063838900312781,1.0261300770409405
1789088627537609700,6.363609619140625,0.09195873725116252,-0.6518026972770691,0.9978751656763255
1789088627547636700,6.37363671875,0.15868658713400363,-0.49974634193778034,0.9200772749204188
1789088627557662700,6.383662841796875,0.36160979087948797,-0.263529063616693,0.8217050173651427
1789088627567689700,6.393689697265625,0.61944298094213,-0.07525339390486478,0.7472915083505213
1789088627577716700,6.403716796875,0.8115712344288826,0.017205694083869457,0.7868798607647418
1789088627587742700,6.41374267578125,1.047514079722762,-0.020716040292382238,0.8600461461972445
1789088627597769700,6.423769775390625,1.3615151472091673,-0.029058628962934017,0.8703104967106133
1789088627607796700,6.433796630859375,1.6978776841074228,-0.05992138473838567,0.8166985143147408
1789088627617822700,6.44382275390625,1.9587363594710825,-0.16135668312609194,0.7279302436679601
1789088627627849700,6.453849609375,2.063326614758372,-0.3366147580936551,0.7103492865309119
1789088627637875700,6.463875732421875,2.1032208182513714,-0.5602613086551428,0.6837754601210355
1789088627647902700,6.47390283203125,2.085212867873907,-0.7612363009423017,0.6043194268945604
1789088627657929700,6.4839296875,1.9984949538856744,-0.8853858277022838,0.5139699514709413
1789088627667955700,6.493955810546875,1.7573475256860256,-0.905919204904139,0.4335706460449844
1789088627677982700,6.503982666015625,1.2673913408786057,-0.86600629671067,0.34611228895299134
1789088627688009700,6.514009765625,0.6882160729169845,-0.8437401043668389,0.2699014481928199
1789088627698035700,6.52403564453125,0.17425006696879863,-0.8055906987145542,0.17452924923636018
1789088627708062700,6.534062744140625,-0.2270446685671806,-0.7297747024908662,0.027723727097362278
1789088627718088700,6.544088623046875,-0.648113779631257,-0.6164011290282011,-0.1032521385513246
1789088627728115500,6.554115478515625,-1.0783037702620029,-0.561827535058558,-0.26085516823232174
1789088627738142500,6.564142578125,-1.3515320978552103,-0.5177651059702039,-0.4275722093477845
1789088627748168700,6.574168701171875,-1.4959487520962953,-0.5040376093909145,-0.5870337263770401
1789088627758195700,6.58419580078125,-1.4424930562406777,-0.4650625665694475,-0.7496664207883179
1789088627768222500,6.594222412109375,-1.2408850267469882,-0.39855391239523885,-0.8781089685671031
1789088627778248400,6.60424853515625,-0.9862509249866008,-0.3586982873469591,-0.9820167945481836
1789088627788275500,6.614275390625,-0.6523837120354176,-0.4383662828236818,-0.962138666384667
1789088627798301700,6.6243017578125,-0.3396393666118383,-0.58656304012537,-0.7806316140249371
1789088627808328700,6.63432861328125,-0.14045710296034813,-0.711264940071106,-0.5411649785190821
1789088627818355500,6.64435546875,0.12023849079608917,-0.7880711163759231,-0.32868279605060813
1789088627828381400,6.65438134765625,0.3658165949195623,-0.8877928888440132,-0.22184651540219782
1789088627838408700,6.66440869140625,0.5225958871275186,-0.9687275432556867,-0.1504281696155667
1789088627848434700,6.6744345703125,0.5722393312186003,-1.0407286573663352,-0.09011588586345315
1789088627858461700,6.684461669921875,0.4944458974421024,-1.0927020057097077,-0.06313873934969305
1789088627868488400,6.694488525390625,0.3460013028591871,-1.0658666057541966,-0.057691433729231356
1789088627878514400,6.704514404296875,0.2541781746864319,-1.0366875652819871,-0.10468947787806392
1789088627888541700,6.714541748046875,0.2199129169911146,-1.0096654105827212,-0.19845497229024767
1789088627898568700,6.724568603515625,0.20777707351744173,-0.9803224117204546,-0.2902013819649815
1789088627908594700,6.7345947265625,0.15125614487230776,-0.9970496746376156,-0.34421953400895
1789088627918621400,6.744621337890625,0.0773158793926239,-1.0363993959903717,-0.36711423351466654
1789088627928647400,6.7546474609375,-0.045050855603814124,-1.0495555224224924,-0.38947307257801295
1789088627938674700,6.7646748046875,-0.179435945174098,-1.0238497110188007,-0.3929151758559048
1789088627948701700,6.77470166015625,-0.32624504750967026,-0.9303788156390189,-0.37735987932756543
1789088627958727700,6.784727783203125,-0.45409518235325813,-0.8033855898857116,-0.33777985635027286
1789088627968754400,6.79475439453125,-0.551435612642765,-0.6762155462607741,-0.2912779251553118
1789088627978781700,6.80478173828125,-0.6112105746477842,-0.5730556160375475,-0.22533552656173705
1789088627988807700,6.8148076171875,-0.6578069061279297,-0.49433250019550323,-0.16090192509591578
1789088627998834700,6.824834716796875,-0.6996843923926354,-0.4304495183497667,-0.1754623653680086
1789088628008860700,6.834860595703125,-0.6401368094027042,-0.4056628676176071,-0.17848185931965707
1789088628018887400,6.844887451171875,-0.548500143712759,-0.45113779385238884,-0.1553724941499531
1789088628028914700,6.854914794921875,-0.44775428889393803,-0.49386283685714005,-0.0920895240239799
1789088628038940700,6.864940673828125,-0.3419365376383066,-0.49539662229567766,-0.05175123002529144
1789088628048967700,6.8749677734375,-0.15214461814463137,-0.5185919121831655,-0.04982566879019141
1789088628058994400,6.884994384765625,0.007102525481581688,-0.5272571569368243,-0.07402750537171959
1789088628069020400,6.8950205078125,0.07481061857342719,-0.5155807476684451,-0.0645182110093534
1789088628079047700,6.905047607421875,0.1288543434500694,-0.5151154682442546,-0.03999035734385252
1789088628089073700,6.91507373046875,0.17706863152086733,-0.5183379374220967,-0.01277092650681734
1789088628099100700,6.9251005859375,0.17482289842069149,-0.4603977896288037,0.01683583785817027
1789088628109127400,6.93512744140625,0.06255670167803765,-0.3807999367788434,0.08051072991117834
1789088628119153400,6.9451533203125,-0.07665069348216057,-0.33139526987969875,0.14403043140247462
1789088628129180700,6.9551806640625,-0.19297522570490835,-0.28040479509383437,0.1963010091267526
1789088628139206700,6.96520654296875,-0.26476269706487654,-0.22060674447417258,0.13096549038514493
1789088628149233700,6.975233642578125,-0.34093291355371474,-0.1825911943346262,0.05797419619336724
1789088628159260400,6.985260498046875,-0.42806817617118353,-0.22921850547492503,-0.008430413084477185
1789088628169286400,6.995286376953125,-0.490207529219985,-0.2912251720547676,-0.060600891435146326
1789088628179313700,7.005313720703125,-0.48445700286924837,-0.30112171216905115,-0.1450543676227331
1789088628189340700,7.015340576171875,-0.47343993429243564,-0.2691498261079192,-0.23814137825146317
1789088628199366700,7.02536669921875,-0.4808651158571243,-0.2308683185085654,-0.29236031356453895
1789088628209393400,7.035393310546875,-0.5367880786091089,-0.2643539701335132,-0.2780291520036757
1789088628219419400,7.04541943359375,-0.6019634383529424,-0.2880868740290403,-0.267664702116698
1789088628229446700,7.05544677734375,-0.6426812331885099,-0.2793488563001156,-0.30885026059448717
1789088628239473700,7.0654736328125,-0.6613941169649362,-0.2393830488756299,-0.35295565204173324
1789088628249499600,7.075499755859375,-0.6303127500027418,-0.20613588218167422,-0.42972880285978315
1789088628259526400,7.0855263671875,-0.5758575217157602,-0.2522118430495262,-0.46212300598621364
1789088628269553700,7.0955537109375,-0.5106324776113033,-0.338615138130635,-0.511335219053179
1789088628279579600,7.10557958984375,-0.4490326382666826,-0.45067572929859157,-0.5799868766054511
1789088628289606700,7.115606689453125,-0.3927250601112842,-0.550965657043457,-0.6446437654331326
1789088628299632600,7.125632568359375,-0.3714163146227598,-0.6271253521382808,-0.6966638755276798
1789088628309659400,7.135659423828125,-0.3686953652262687,-0.6663055621430277,-0.7433223124586046
1789088628319686700,7.145686767578125,-0.470134463006258,-0.7000009109959006,-0.7207505612969398
1789088628329712600,7.155712646484375,-0.6660936729580164,-0.7098048043906688,-0.6420617130506784
1789088628339739600,7.16573974609375,-0.8980915800184011,-0.6661337127074599,-0.5476453535143285
1789088628349765600,7.175765625,-1.0524971288323401,-0.5787864147745072,-0.4668376134179532
1789088628359792600,7.185792724609375,-1.1425795508176089,-0.46415991864129896,-0.4123558624502271
1789088628369819600,7.195819580078125,-1.1418693567216396,-0.39041955964788794,-0.3651104924768209
1789088628379845600,7.205845703125,-1.0593839657366275,-0.5115943083807826,-0.1808124211590737
1789088628389872600,7.21587255859375,-0.7074234622120856,-0.8257390221215785,0.03062127516977489
1789088628399899400,7.2258994140625,-0.23878245263397693,-1.272088558784127,0.14376140520274638
1789088628409925600,7.235925537109375,0.6405389604628086,-1.7737215912513433,0.1815570289812982
1789088628419952600,7.24595263671875,1.8228975639611482,-1.8437560814641416,-0.013786752485856413
1789088628429978600,7.255978515625,1.8755138863831757,-2.0360168752893806,0.06148527305424213
1789088628440005600,7.266005615234375,2.37639010913372,-1.758068533436954,-0.12567301000021397
1789088628450032600,7.27603271484375,2.2616139753967524,-1.3425120483145117,-0.33358397556301206
1789088628460058600,7.28605859375,2.1564310149133203,-1.111791906104982,-0.2898147938001901
1789088628470085600,7.296085693359375,2.117018457457423,-1.1841710597477852,-0.14610362094733864
1789088628480112600,7.306112548828125,2.10630066408813,-1.3380492236867547,-0.30297545027695594
1789088628490138600,7.316138671875,2.383655131700635,-1.158139596586302,-0.7376094877697527
